income,credit_score,loan_amount,employment_years,debt_to_income,age,default
61299.0,712.0,113351.0,8.5,0.321,42.0,0
46064.0,606.0,97734.0,20.5,0.116,41.0,1
65608.0,585.0,194205.0,1.5,0.441,52.0,1
97281.0,650.0,204872.0,17.5,0.193,21.0,0
44118.0,636.0,145973.0,2.8,0.615,21.0,1
44119.0,614.0,77437.0,2.1,0.451,33.0,0
99772.0,706.0,182903.0,0.3,0.255,50.0,0
69241.0,726.0,149838.0,0.3,0.19,21.0,0
39685.0,657.0,54701.0,5.9,0.33,21.0,0
62577.0,768.0,175941.0,3.1,0.368,44.0,0
39794.0,559.0,61461.0,1.3,0.403,41.0,1
39752.0,635.0,73809.0,4.8,0.327,26.0,0
54660.0,593.0,123652.0,1.5,0.395,27.0,1
20724.0,501.0,56794.0,4.3,0.353,27.0,1
22557.0,643.0,22632.0,2.2,0.303,39.0,1
38062.0,640.0,57908.0,8.7,0.043,31.0,0
31077.0,771.0,57144.0,8.6,0.42,43.0,0
56467.0,700.0,63716.0,3.2,0.363,21.0,0
32578.0,568.0,70408.0,2.2,0.285,29.0,1
25964.0,798.0,55765.0,2.3,0.542,26.0,0
94802.0,748.0,184057.0,8.2,0.302,35.0,0
44285.0,697.0,44315.0,2.0,0.165,32.0,0
50533.0,632.0,93799.0,1.2,0.49,47.0,1
25819.0,573.0,55801.0,0.4,0.458,21.0,1
38370.0,620.0,59639.0,3.1,0.428,39.0,1
51530.0,737.0,42683.0,3.3,0.232,44.0,0
29204.0,801.0,78310.0,9.2,0.323,58.0,1
58050.0,773.0,86068.0,1.3,0.234,33.0,0
37411.0,611.0,92398.0,2.4,0.458,42.0,1
42991.0,560.0,47300.0,8.3,0.12,21.0,0
37393.0,661.0,45557.0,8.7,0.278,21.0,1
112817.0,509.0,222063.0,2.4,0.697,47.0,1
48724.0,676.0,60759.0,3.1,0.219,38.0,0
30456.0,638.0,49114.0,1.8,0.267,51.0,0
70979.0,613.0,119541.0,13.5,0.306,23.0,0
28300.0,522.0,41803.0,0.6,0.248,44.0,1
53852.0,691.0,27945.0,13.6,0.02,59.0,0
20295.0,607.0,33271.0,5.8,0.342,43.0,1
26966.0,556.0,25601.0,3.8,0.429,41.0,1
53562.0,420.0,47415.0,0.2,0.486,38.0,1
68344.0,648.0,179908.0,3.2,0.33,21.0,0
52951.0,792.0,92474.0,2.6,0.268,53.0,0
46535.0,783.0,102027.0,0.9,0.42,31.0,1
42809.0,613.0,60817.0,5.3,0.344,44.0,1
25202.0,602.0,62464.0,17.7,0.294,21.0,1
35457.0,688.0,65689.0,4.1,0.284,25.0,0
39843.0,570.0,104919.0,6.3,0.487,54.0,1
78882.0,674.0,128573.0,0.4,0.547,34.0,0
57218.0,711.0,135647.0,2.7,0.217,54.0,0
22173.0,748.0,51108.0,0.6,0.303,37.0,0
56717.0,642.0,150304.0,4.7,0.406,21.0,0
41221.0,634.0,31118.0,13.9,0.211,48.0,0
36148.0,580.0,42432.0,5.4,0.397,32.0,1
64554.0,584.0,60464.0,0.4,0.171,46.0,0
77960.0,632.0,63876.0,2.2,0.096,38.0,1
74539.0,679.0,194046.0,4.0,0.387,21.0,0
33602.0,723.0,16494.0,2.6,0.247,40.0,0
42653.0,586.0,30045.0,9.0,0.421,62.0,1
56901.0,769.0,58832.0,8.4,0.273,43.0,0
76039.0,628.0,62111.0,4.7,0.217,37.0,0
39512.0,648.0,40283.0,2.3,0.344,50.0,1
45092.0,590.0,90267.0,1.5,0.202,40.0,1
29797.0,456.0,72755.0,0.6,0.68,40.0,1
28616.0,721.0,10340.0,2.2,0.102,26.0,0
70660.0,709.0,98251.0,2.7,0.284,41.0,0
90247.0,627.0,110779.0,5.6,0.208,49.0,1
47458.0,655.0,38448.0,5.4,0.432,29.0,1
77002.0,691.0,147493.0,0.4,0.274,54.0,1
57684.0,525.0,123630.0,2.5,0.35,37.0,1
36669.0,608.0,93238.0,1.0,0.504,28.0,1
57678.0,714.0,122461.0,0.9,0.315,49.0,0
97941.0,550.0,53402.0,8.8,0.49,35.0,0
48237.0,673.0,109670.0,0.2,0.188,46.0,1
99120.0,541.0,202843.0,2.7,0.207,35.0,1
15080.0,687.0,39237.0,0.9,0.343,37.0,0
70959.0,647.0,34580.0,10.6,0.304,43.0,0
50979.0,521.0,162531.0,4.1,0.525,41.0,1
42849.0,743.0,95167.0,1.3,0.28,21.0,0
51087.0,591.0,134789.0,3.5,0.417,26.0,1
20042.0,585.0,10977.0,6.6,0.147,48.0,1
44407.0,666.0,127486.0,15.9,0.623,37.0,1
57567.0,742.0,144885.0,1.2,0.268,32.0,0
95325.0,569.0,231444.0,10.9,0.505,23.0,1
38823.0,655.0,61440.0,13.6,0.222,26.0,0
34070.0,684.0,95117.0,12.4,0.375,21.0,0
39113.0,705.0,45260.0,5.0,0.12,37.0,0
74008.0,664.0,149215.0,5.0,0.409,31.0,0
56837.0,621.0,87929.0,2.6,0.315,27.0,0
38623.0,584.0,108921.0,7.0,0.396,37.0,1
61757.0,657.0,44774.0,3.8,0.45,42.0,0
51210.0,564.0,73489.0,5.7,0.219,61.0,1
75803.0,416.0,166973.0,2.8,0.393,21.0,1
35742.0,685.0,88345.0,6.6,0.397,51.0,0
42300.0,722.0,100984.0,8.7,0.62,49.0,0
41091.0,461.0,119321.0,0.8,0.447,29.0,1
25372.0,569.0,78896.0,8.9,0.489,40.0,1
56008.0,700.0,33420.0,3.9,0.303,33.0,0
55131.0,815.0,94519.0,9.3,0.538,40.0,0
49134.0,652.0,18854.0,2.8,0.087,55.0,1
44110.0,592.0,58416.0,2.4,0.401,45.0,1
25928.0,635.0,34166.0,12.3,0.115,44.0,0
40567.0,760.0,69845.0,1.4,0.02,33.0,0
42015.0,598.0,112886.0,9.3,0.427,22.0,1
34166.0,586.0,28278.0,3.3,0.411,36.0,1
45589.0,611.0,31107.0,3.6,0.331,51.0,1
58796.0,574.0,113895.0,1.8,0.382,21.0,0
114552.0,660.0,295335.0,4.3,0.809,26.0,0
53027.0,780.0,51319.0,2.0,0.23,39.0,0
55045.0,676.0,152865.0,0.2,0.41,27.0,1
47406.0,630.0,115600.0,1.6,0.265,29.0,0
20672.0,627.0,31420.0,0.0,0.409,33.0,1
48439.0,525.0,131034.0,19.2,0.392,23.0,0
50368.0,721.0,62079.0,16.9,0.244,27.0,0
148518.0,644.0,426698.0,2.5,0.627,46.0,0
44956.0,636.0,86271.0,6.5,0.536,24.0,1
56145.0,850.0,38284.0,2.1,0.246,21.0,0
48261.0,674.0,84375.0,5.6,0.02,31.0,0
28972.0,590.0,44223.0,8.2,0.333,46.0,1
81983.0,616.0,263694.0,14.7,0.777,36.0,1
68759.0,742.0,83650.0,2.6,0.258,33.0,0
69980.0,659.0,42499.0,7.6,0.51,38.0,1
32558.0,535.0,30288.0,1.5,0.638,21.0,1
92158.0,724.0,150281.0,23.2,0.337,43.0,0
26086.0,597.0,49748.0,0.1,0.257,42.0,1
63837.0,800.0,52911.0,4.6,0.02,33.0,0
131361.0,736.0,293676.0,5.4,0.399,49.0,0
31390.0,614.0,59954.0,5.8,0.25,26.0,1
37993.0,752.0,78335.0,0.6,0.312,50.0,1
51269.0,655.0,67383.0,13.9,0.159,40.0,0
39083.0,718.0,94507.0,1.0,0.268,34.0,0
24397.0,689.0,39127.0,4.9,0.331,38.0,0
50557.0,582.0,84868.0,1.3,0.433,37.0,1
30393.0,599.0,24730.0,1.8,0.215,51.0,1
60665.0,732.0,83000.0,4.0,0.478,26.0,1
32411.0,623.0,17225.0,2.7,0.277,30.0,1
98466.0,618.0,147533.0,0.9,0.119,49.0,0
34459.0,574.0,37922.0,0.9,0.381,31.0,1
42407.0,684.0,49921.0,2.7,0.334,48.0,1
70692.0,815.0,149432.0,7.1,0.271,57.0,0
28173.0,565.0,44846.0,11.4,0.608,34.0,1
54304.0,652.0,54829.0,0.4,0.313,45.0,1
88275.0,763.0,70162.0,2.5,0.261,25.0,0
23781.0,644.0,45700.0,0.5,0.189,46.0,0
53268.0,686.0,46122.0,0.1,0.45,40.0,0
55102.0,565.0,92829.0,5.4,0.431,43.0,1
69691.0,684.0,106610.0,4.6,0.266,31.0,0
28096.0,635.0,41989.0,0.9,0.074,21.0,1
27060.0,729.0,62987.0,1.3,0.517,44.0,1
61999.0,745.0,110676.0,0.1,0.106,21.0,0
56030.0,850.0,25243.0,9.0,0.136,35.0,0
54870.0,696.0,66381.0,18.4,0.375,48.0,0
57291.0,676.0,51867.0,0.7,0.154,40.0,0
36098.0,666.0,22366.0,1.3,0.116,59.0,0
54421.0,622.0,43198.0,10.1,0.049,49.0,0
55931.0,677.0,74218.0,13.0,0.441,31.0,0
35545.0,626.0,56642.0,2.7,0.283,38.0,1
113505.0,663.0,338382.0,0.3,0.781,37.0,0
60671.0,755.0,64780.0,0.2,0.135,21.0,0
28679.0,569.0,56833.0,4.3,0.262,28.0,1
65871.0,741.0,71359.0,2.5,0.208,32.0,0
31615.0,755.0,35675.0,0.1,0.321,21.0,0
69856.0,641.0,114603.0,4.4,0.285,39.0,1
82567.0,480.0,53011.0,0.1,0.548,35.0,1
33884.0,601.0,19757.0,7.7,0.234,21.0,1
75623.0,754.0,79202.0,1.8,0.078,42.0,0
59027.0,648.0,114925.0,0.2,0.081,46.0,1
70964.0,570.0,108951.0,4.4,0.066,40.0,0
115100.0,610.0,74413.0,2.5,0.298,34.0,0
43896.0,717.0,99071.0,18.2,0.263,45.0,0
34920.0,694.0,67387.0,3.9,0.228,45.0,1
32850.0,631.0,76487.0,1.6,0.548,41.0,1
33958.0,621.0,99832.0,6.2,0.553,29.0,1
47349.0,619.0,65744.0,1.6,0.319,41.0,1
57155.0,576.0,43787.0,11.7,0.127,51.0,1
55521.0,779.0,77505.0,2.3,0.184,31.0,0
71128.0,624.0,116666.0,4.0,0.276,61.0,1
49308.0,747.0,71953.0,0.3,0.191,32.0,0
94286.0,772.0,138731.0,2.8,0.169,38.0,0
43517.0,730.0,100234.0,8.9,0.202,31.0,0
166721.0,615.0,419724.0,8.2,0.314,40.0,0
64962.0,682.0,145784.0,1.3,0.234,21.0,0
33332.0,648.0,81985.0,1.3,0.382,32.0,0
30276.0,578.0,90807.0,8.5,0.449,26.0,0
60908.0,676.0,36233.0,13.3,0.197,39.0,0
44331.0,556.0,61838.0,0.5,0.6,49.0,1
67596.0,745.0,87342.0,3.0,0.144,45.0,0
60655.0,613.0,115935.0,2.1,0.131,21.0,0
47440.0,666.0,83387.0,10.2,0.397,60.0,0
33488.0,673.0,64545.0,0.4,0.213,41.0,1
24793.0,629.0,21244.0,1.2,0.411,29.0,0
40097.0,697.0,28118.0,7.0,0.02,40.0,0
72069.0,612.0,198538.0,0.3,0.583,40.0,1
53979.0,720.0,49578.0,3.4,0.407,31.0,0
27985.0,542.0,30559.0,2.9,0.192,40.0,1
52994.0,660.0,44458.0,2.0,0.122,31.0,0
58302.0,805.0,88472.0,2.5,0.504,34.0,0
32934.0,570.0,66516.0,3.8,0.289,30.0,1
52532.0,596.0,64042.0,0.9,0.259,22.0,1
50322.0,691.0,58910.0,4.2,0.02,40.0,0
29309.0,664.0,19525.0,8.2,0.288,44.0,1
57584.0,678.0,129970.0,7.1,0.298,44.0,0
63092.0,689.0,92843.0,0.8,0.433,47.0,0
79808.0,701.0,119931.0,0.8,0.108,42.0,0
78764.0,739.0,121443.0,1.6,0.066,32.0,0
26372.0,683.0,26932.0,2.2,0.397,47.0,0
32144.0,631.0,97020.0,2.6,0.513,23.0,1
61807.0,704.0,85850.0,5.7,0.081,28.0,0
61772.0,802.0,98767.0,0.3,0.417,27.0,0
61807.0,639.0,56848.0,0.2,0.362,50.0,1
277542.0,572.0,921387.0,2.5,0.562,48.0,0
63380.0,739.0,133793.0,6.0,0.284,43.0,0
81716.0,640.0,51680.0,1.1,0.02,50.0,0
75305.0,476.0,104859.0,5.1,0.436,28.0,1
65718.0,718.0,176940.0,1.5,0.467,42.0,0
42537.0,607.0,80266.0,10.9,0.243,37.0,0
68978.0,643.0,149278.0,11.3,0.296,47.0,0
34621.0,677.0,50336.0,1.8,0.307,37.0,1
44065.0,665.0,62597.0,1.3,0.02,34.0,0
39403.0,707.0,67319.0,2.6,0.565,44.0,1
50861.0,615.0,43746.0,1.4,0.237,48.0,1
138912.0,691.0,289231.0,5.6,0.4,31.0,0
21157.0,629.0,59091.0,8.7,0.35,37.0,1
66757.0,709.0,93882.0,5.6,0.502,26.0,1
23725.0,699.0,38425.0,8.7,0.38,21.0,1
39641.0,575.0,83285.0,2.5,0.362,40.0,1
80020.0,737.0,112985.0,0.8,0.162,45.0,0
50459.0,607.0,144326.0,6.7,0.496,41.0,1
30182.0,715.0,45616.0,2.2,0.029,21.0,0
35529.0,679.0,23597.0,5.6,0.429,34.0,0
66557.0,797.0,138237.0,1.6,0.093,21.0,0
35289.0,632.0,96545.0,0.4,0.549,53.0,1
54036.0,622.0,142524.0,24.5,0.392,26.0,1
50036.0,648.0,111545.0,0.8,0.448,52.0,1
36563.0,626.0,94375.0,22.3,0.377,48.0,1
128640.0,714.0,65014.0,18.9,0.047,28.0,0
65203.0,521.0,80509.0,7.9,0.302,26.0,1
19706.0,566.0,58521.0,5.4,0.504,42.0,1
53311.0,565.0,55052.0,4.3,0.428,29.0,1
36395.0,726.0,27333.0,10.1,0.48,39.0,1
71941.0,787.0,164379.0,1.7,0.325,33.0,0
34316.0,642.0,71975.0,3.2,0.21,21.0,0
46554.0,636.0,35413.0,4.8,0.239,21.0,1
61528.0,656.0,156006.0,2.6,0.362,40.0,0
72373.0,743.0,99476.0,2.8,0.02,32.0,0
28563.0,576.0,64140.0,2.0,0.647,32.0,1
42170.0,669.0,109087.0,4.2,0.404,46.0,1
39588.0,728.0,66514.0,9.5,0.485,51.0,0
36534.0,690.0,24753.0,1.1,0.088,35.0,0
108494.0,665.0,148238.0,13.6,0.527,34.0,0
58820.0,730.0,128029.0,5.8,0.635,44.0,1
27795.0,434.0,45077.0,8.7,0.287,23.0,1
74090.0,704.0,192185.0,4.1,0.432,40.0,1
127385.0,598.0,310301.0,7.6,0.383,44.0,0
78011.0,504.0,123414.0,0.1,0.21,45.0,1
24743.0,691.0,60569.0,8.5,0.398,21.0,0
39423.0,760.0,38857.0,0.2,0.406,30.0,0
86691.0,639.0,46972.0,11.0,0.267,28.0,0
35652.0,726.0,103083.0,24.1,0.477,39.0,0
59857.0,779.0,25566.0,1.7,0.02,43.0,0
69465.0,755.0,51202.0,1.2,0.06,54.0,0
32302.0,781.0,64239.0,7.2,0.288,33.0,0
47725.0,709.0,66658.0,1.5,0.317,33.0,1
11401.0,656.0,25730.0,10.0,0.239,51.0,0
30916.0,522.0,44321.0,0.5,0.552,41.0,1
43754.0,630.0,24148.0,0.7,0.442,52.0,1
27959.0,583.0,39225.0,19.4,0.521,41.0,0
102190.0,824.0,163591.0,5.6,0.223,25.0,0
25756.0,636.0,38909.0,9.4,0.449,23.0,1
40214.0,660.0,64793.0,2.0,0.277,21.0,1
51991.0,694.0,172189.0,5.6,0.63,45.0,0
93767.0,653.0,215394.0,4.5,0.226,51.0,0
25690.0,786.0,35345.0,4.6,0.581,58.0,1
82737.0,600.0,135092.0,5.7,0.386,47.0,0
49247.0,666.0,67694.0,4.3,0.134,51.0,0
31518.0,591.0,107960.0,2.8,0.592,32.0,1
60352.0,544.0,187156.0,1.6,0.435,25.0,1
53615.0,601.0,64678.0,7.3,0.508,47.0,0
37418.0,647.0,98458.0,1.3,0.535,43.0,0
50585.0,616.0,74719.0,5.9,0.422,39.0,1
41217.0,595.0,19209.0,1.3,0.296,42.0,0
51590.0,537.0,31487.0,4.9,0.567,42.0,1
66036.0,643.0,104066.0,6.9,0.354,52.0,0
100078.0,530.0,194282.0,1.2,0.528,52.0,1
28085.0,711.0,9689.0,0.3,0.02,44.0,0
128010.0,657.0,287508.0,0.7,0.413,47.0,0
20365.0,533.0,23317.0,4.7,0.327,44.0,1
45784.0,625.0,105544.0,9.5,0.613,33.0,1
63879.0,590.0,86481.0,0.2,0.481,46.0,1
55628.0,676.0,49527.0,6.6,0.37,23.0,1
37041.0,757.0,53748.0,2.1,0.356,50.0,1
44638.0,500.0,43126.0,3.3,0.294,25.0,1
39267.0,659.0,85677.0,13.2,0.588,41.0,1
37601.0,637.0,47115.0,2.0,0.657,29.0,1
71849.0,704.0,124111.0,3.1,0.375,44.0,0
57564.0,667.0,60580.0,0.1,0.578,38.0,1
35889.0,590.0,70506.0,0.4,0.302,21.0,1
73484.0,624.0,148327.0,1.5,0.246,43.0,1
56291.0,586.0,43503.0,0.1,0.396,32.0,1
70671.0,736.0,113436.0,5.0,0.361,48.0,0
65077.0,652.0,39214.0,2.8,0.29,38.0,0
33757.0,802.0,63024.0,4.0,0.336,42.0,0
38098.0,645.0,44188.0,1.0,0.399,27.0,0
68616.0,593.0,104306.0,1.8,0.236,32.0,1
64516.0,529.0,127697.0,5.5,0.504,33.0,1
48562.0,506.0,159664.0,16.8,0.57,47.0,1
51679.0,523.0,102095.0,0.3,0.455,56.0,1
87112.0,671.0,189200.0,11.1,0.51,29.0,0
37564.0,691.0,41921.0,4.3,0.142,50.0,0
62705.0,524.0,198011.0,4.1,0.499,21.0,0
44757.0,722.0,79787.0,3.5,0.13,25.0,0
44447.0,611.0,43529.0,0.4,0.207,27.0,0
80374.0,662.0,177931.0,0.5,0.248,23.0,0
71071.0,779.0,81809.0,4.6,0.128,21.0,0
70691.0,722.0,149610.0,2.1,0.223,43.0,0
88209.0,629.0,210074.0,12.5,0.331,36.0,0
49486.0,579.0,53889.0,2.6,0.52,42.0,1
66628.0,478.0,151516.0,0.8,0.409,46.0,1
42633.0,592.0,39122.0,6.3,0.148,41.0,1
56720.0,633.0,79825.0,1.7,0.532,45.0,1
46232.0,571.0,50128.0,3.7,0.274,37.0,1
51208.0,639.0,112300.0,6.0,0.348,25.0,1
64076.0,656.0,69758.0,11.5,0.413,50.0,1
33921.0,632.0,16887.0,7.9,0.391,32.0,1
125690.0,598.0,329759.0,5.6,0.547,28.0,0
31173.0,663.0,29315.0,5.7,0.413,36.0,0
28385.0,685.0,17258.0,14.6,0.199,28.0,0
82549.0,563.0,120205.0,1.8,0.731,33.0,1
70000.0,763.0,92207.0,0.0,0.309,42.0,0
64916.0,642.0,102325.0,1.6,0.333,42.0,0
65040.0,652.0,43491.0,1.2,0.494,28.0,1
48751.0,707.0,135821.0,5.4,0.352,33.0,1
32736.0,669.0,74838.0,5.0,0.398,50.0,0
50722.0,726.0,84666.0,4.5,0.676,43.0,1
36144.0,673.0,41919.0,0.1,0.294,61.0,1
76024.0,601.0,114998.0,6.5,0.333,51.0,1
45882.0,679.0,89980.0,2.0,0.349,51.0,0
33810.0,559.0,34194.0,5.5,0.568,23.0,1
42420.0,659.0,29639.0,4.1,0.119,46.0,0
59031.0,647.0,102694.0,2.1,0.057,37.0,0
38037.0,633.0,37848.0,0.7,0.272,32.0,1
33860.0,640.0,34937.0,0.5,0.111,40.0,0
54702.0,499.0,143626.0,8.9,0.38,48.0,1
54734.0,606.0,124346.0,12.5,0.453,44.0,1
39022.0,657.0,42898.0,5.2,0.212,28.0,0
39657.0,663.0,63781.0,0.5,0.128,46.0,0
54416.0,568.0,30238.0,2.6,0.412,31.0,0
25549.0,751.0,60724.0,6.5,0.416,40.0,0
26021.0,581.0,33030.0,7.6,0.139,35.0,1
35479.0,728.0,92074.0,0.6,0.425,36.0,1
44531.0,684.0,135130.0,0.0,0.451,46.0,0
56382.0,598.0,178589.0,6.2,0.525,27.0,1
95217.0,792.0,275671.0,2.2,0.444,59.0,0
72110.0,555.0,172036.0,1.5,0.74,21.0,1
45617.0,724.0,54338.0,0.1,0.251,31.0,0
48603.0,730.0,74052.0,3.9,0.316,42.0,0
31221.0,596.0,63977.0,9.5,0.321,44.0,0
48614.0,761.0,116023.0,15.8,0.281,37.0,0
43049.0,630.0,52230.0,4.2,0.592,37.0,1
56683.0,673.0,116277.0,3.6,0.134,43.0,1
33784.0,671.0,69265.0,0.4,0.208,35.0,0
61927.0,639.0,212308.0,4.0,0.563,53.0,1
97707.0,715.0,280354.0,2.4,0.462,47.0,0
46679.0,713.0,47935.0,4.7,0.256,48.0,0
58734.0,510.0,52364.0,2.5,0.566,27.0,1
66874.0,754.0,48859.0,1.4,0.336,37.0,0
40923.0,517.0,63230.0,0.5,0.658,35.0,1
54222.0,733.0,100384.0,1.9,0.31,27.0,0
49299.0,740.0,129662.0,0.5,0.448,42.0,1
51224.0,563.0,197196.0,1.0,0.801,32.0,1
34619.0,617.0,75589.0,21.8,0.46,45.0,1
49564.0,562.0,25803.0,2.9,0.413,26.0,1
61335.0,633.0,63330.0,3.8,0.469,57.0,1
94185.0,625.0,64266.0,10.3,0.311,28.0,1
75484.0,712.0,134923.0,27.1,0.669,40.0,0
129176.0,755.0,206449.0,4.4,0.311,47.0,0
34707.0,762.0,17725.0,8.4,0.239,32.0,0
72587.0,605.0,84876.0,2.0,0.253,47.0,1
53237.0,633.0,56776.0,1.8,0.525,24.0,0
131322.0,515.0,323776.0,2.6,0.564,54.0,1
34073.0,586.0,51814.0,5.6,0.316,38.0,1
33595.0,727.0,57710.0,5.7,0.388,31.0,0
37432.0,779.0,37765.0,1.9,0.043,35.0,0
18850.0,551.0,56626.0,0.7,0.439,47.0,1
38693.0,603.0,42025.0,5.0,0.448,32.0,1
34835.0,648.0,75359.0,0.7,0.607,30.0,1
52453.0,672.0,100694.0,4.3,0.22,36.0,0
57170.0,585.0,86400.0,5.9,0.199,25.0,1
114037.0,684.0,255724.0,6.0,0.194,58.0,0
75184.0,612.0,83997.0,7.0,0.173,32.0,0
37812.0,649.0,72225.0,10.3,0.551,47.0,1
32719.0,694.0,27258.0,3.5,0.555,40.0,1
61167.0,651.0,123427.0,6.6,0.398,27.0,1
27062.0,615.0,38150.0,4.8,0.555,38.0,1
111765.0,641.0,98216.0,1.0,0.376,47.0,1
83345.0,643.0,145849.0,0.1,0.34,36.0,0
39691.0,620.0,66746.0,1.7,0.319,51.0,0
22677.0,629.0,14332.0,2.9,0.316,49.0,0
90151.0,778.0,129135.0,4.8,0.038,48.0,0
46558.0,695.0,92201.0,9.5,0.362,33.0,1
85564.0,626.0,79780.0,1.1,0.359,26.0,0
23921.0,706.0,41113.0,0.7,0.427,31.0,1
37432.0,623.0,84463.0,16.5,0.381,40.0,0
49137.0,744.0,77682.0,0.6,0.267,44.0,0
50068.0,680.0,59693.0,3.3,0.201,21.0,0
40033.0,641.0,50510.0,4.4,0.366,38.0,0
64879.0,686.0,136485.0,3.9,0.438,40.0,0
30320.0,524.0,74001.0,0.4,0.257,35.0,1
45979.0,560.0,102154.0,0.3,0.419,52.0,1
51748.0,554.0,37131.0,0.6,0.445,43.0,1
61790.0,661.0,85234.0,4.4,0.235,52.0,0
67523.0,789.0,142744.0,3.9,0.175,36.0,0
29552.0,829.0,18993.0,1.3,0.273,48.0,0
24579.0,701.0,54650.0,5.1,0.148,56.0,0
87112.0,690.0,244602.0,8.6,0.377,52.0,0
56928.0,506.0,35871.0,0.2,0.306,26.0,1
35003.0,607.0,112726.0,3.4,0.537,35.0,1
98520.0,587.0,185867.0,5.8,0.74,34.0,1
51640.0,600.0,114902.0,1.5,0.252,43.0,1
83340.0,637.0,133805.0,1.8,0.439,46.0,0
50533.0,612.0,69998.0,4.8,0.265,29.0,1
123913.0,492.0,311441.0,11.4,0.605,39.0,1
108002.0,710.0,190182.0,8.3,0.123,21.0,0
43825.0,564.0,27554.0,4.4,0.476,54.0,1
75903.0,669.0,121472.0,6.6,0.207,32.0,0
65540.0,816.0,51659.0,2.3,0.215,39.0,0
90752.0,576.0,104209.0,5.1,0.241,35.0,0
31754.0,448.0,52195.0,3.1,0.6,51.0,1
66751.0,627.0,93648.0,1.1,0.239,21.0,0
78928.0,738.0,103050.0,6.0,0.378,38.0,0
22216.0,807.0,13665.0,4.1,0.2,37.0,0
28783.0,552.0,24729.0,2.2,0.394,33.0,1
19582.0,690.0,10826.0,12.1,0.347,57.0,0
43424.0,613.0,62502.0,0.1,0.259,28.0,0
67704.0,642.0,192832.0,1.9,0.387,46.0,1
96381.0,850.0,80212.0,0.3,0.455,42.0,0
50683.0,530.0,131941.0,7.3,0.308,52.0,1
102015.0,670.0,264962.0,6.1,0.513,31.0,0
26343.0,687.0,63502.0,2.0,0.551,30.0,1
22776.0,737.0,37219.0,5.6,0.173,50.0,0
47811.0,658.0,89199.0,2.5,0.127,43.0,1
58269.0,675.0,43811.0,7.1,0.38,21.0,1
48305.0,619.0,75531.0,3.0,0.287,32.0,0
19335.0,672.0,52765.0,2.7,0.617,42.0,1
47094.0,623.0,90077.0,13.6,0.372,47.0,0
27255.0,700.0,56197.0,1.4,0.199,31.0,0
66261.0,620.0,35920.0,0.6,0.196,21.0,0
57813.0,680.0,140918.0,4.4,0.495,44.0,0
32114.0,648.0,51022.0,17.4,0.266,25.0,0
38900.0,740.0,50707.0,2.4,0.3,21.0,0
30435.0,646.0,45052.0,0.3,0.496,21.0,1
47657.0,508.0,94473.0,2.1,0.366,47.0,1
75344.0,751.0,180842.0,3.5,0.28,39.0,0
31458.0,578.0,54357.0,0.9,0.393,36.0,1
61502.0,598.0,170977.0,5.4,0.485,53.0,1
38615.0,602.0,62106.0,30.5,0.468,45.0,1
34311.0,760.0,22002.0,3.0,0.248,56.0,1
46716.0,479.0,32567.0,2.2,0.466,23.0,1
30765.0,850.0,14870.0,2.6,0.169,38.0,0
38210.0,734.0,37439.0,0.6,0.076,21.0,1
28594.0,668.0,37540.0,10.7,0.377,35.0,0
118673.0,646.0,336763.0,2.7,0.637,35.0,1
49805.0,673.0,94286.0,2.4,0.203,45.0,0
35779.0,692.0,18130.0,5.4,0.208,39.0,0
53976.0,702.0,44730.0,2.9,0.187,45.0,0
46604.0,694.0,56965.0,5.2,0.431,46.0,1
44381.0,657.0,84010.0,0.3,0.413,62.0,1
64626.0,634.0,52104.0,8.4,0.336,35.0,0
68932.0,638.0,47182.0,14.1,0.22,28.0,1
38610.0,634.0,107491.0,5.2,0.374,41.0,1
37831.0,741.0,62552.0,15.5,0.059,29.0,0
43314.0,697.0,38822.0,0.8,0.342,54.0,0
17398.0,415.0,32392.0,3.2,0.628,35.0,1
24789.0,702.0,25120.0,4.6,0.13,32.0,0
90680.0,666.0,159596.0,4.4,0.11,33.0,0
102769.0,649.0,216746.0,2.6,0.588,46.0,1
43824.0,619.0,31525.0,2.1,0.278,36.0,1
63542.0,740.0,158737.0,0.7,0.464,31.0,0
56391.0,726.0,74010.0,2.5,0.28,56.0,0
195927.0,588.0,218665.0,0.9,0.364,29.0,0
81130.0,683.0,116190.0,6.6,0.395,38.0,1
46279.0,572.0,69909.0,1.2,0.266,45.0,1
31889.0,540.0,44980.0,0.3,0.439,21.0,1
23792.0,600.0,24290.0,4.0,0.324,43.0,1
53721.0,719.0,56974.0,4.5,0.109,26.0,0
34879.0,726.0,18212.0,10.3,0.353,47.0,1
25848.0,691.0,55606.0,4.3,0.285,27.0,0
36645.0,708.0,30252.0,2.1,0.29,46.0,1
30131.0,691.0,13645.0,8.1,0.143,50.0,0
104738.0,599.0,272889.0,3.9,0.621,47.0,1
72892.0,685.0,188114.0,0.4,0.46,41.0,0
48845.0,714.0,130562.0,4.2,0.455,35.0,1
95413.0,710.0,143336.0,11.9,0.266,32.0,1
50758.0,745.0,32467.0,2.5,0.031,54.0,0
33270.0,707.0,94132.0,1.8,0.608,30.0,1
97286.0,678.0,202031.0,0.8,0.323,27.0,0
62474.0,736.0,54658.0,0.8,0.184,45.0,0
30738.0,648.0,85964.0,2.8,0.414,29.0,1
44997.0,579.0,40031.0,4.5,0.569,28.0,1
33056.0,637.0,93311.0,0.4,0.355,22.0,1
26311.0,590.0,82226.0,14.0,0.579,33.0,1
74368.0,596.0,189214.0,7.0,0.546,37.0,0
115756.0,638.0,262239.0,4.4,0.196,41.0,0
26125.0,587.0,53525.0,8.8,0.289,48.0,1
63154.0,625.0,68369.0,0.4,0.509,44.0,0
36578.0,499.0,37453.0,3.2,0.038,36.0,1
39371.0,667.0,24503.0,5.0,0.317,36.0,1
37550.0,650.0,40702.0,8.8,0.135,44.0,1
33230.0,585.0,71916.0,7.7,0.319,52.0,1
50103.0,703.0,64070.0,1.6,0.272,39.0,0
33728.0,725.0,37979.0,14.1,0.249,33.0,0
55365.0,521.0,104312.0,0.7,0.348,27.0,1
47925.0,589.0,105798.0,10.4,0.224,22.0,0
44023.0,588.0,36302.0,17.7,0.732,45.0,1
32585.0,575.0,60910.0,1.0,0.677,44.0,1
37815.0,716.0,24866.0,6.4,0.134,44.0,0
68867.0,634.0,184519.0,0.2,0.597,37.0,1
61415.0,629.0,42401.0,2.6,0.303,53.0,1
31574.0,490.0,73014.0,3.6,0.47,33.0,1
51262.0,701.0,56620.0,4.3,0.309,49.0,0
68743.0,551.0,62592.0,13.7,0.313,38.0,1
23127.0,655.0,71916.0,5.6,0.495,31.0,1
62599.0,672.0,32660.0,3.3,0.355,45.0,1
36382.0,759.0,47015.0,8.3,0.21,43.0,0
63371.0,545.0,28783.0,15.0,0.22,42.0,0
34771.0,408.0,57458.0,0.1,0.367,39.0,1
21759.0,665.0,26489.0,20.2,0.095,38.0,0
23567.0,794.0,26488.0,0.5,0.262,64.0,1
50093.0,749.0,29474.0,8.4,0.109,51.0,0
55098.0,667.0,71430.0,1.6,0.3,46.0,0
32632.0,611.0,83976.0,0.7,0.58,39.0,1
65340.0,715.0,174844.0,2.9,0.49,49.0,0
23209.0,572.0,42139.0,5.2,0.394,44.0,1
47585.0,688.0,85797.0,2.4,0.313,38.0,1
28426.0,690.0,34354.0,0.3,0.607,35.0,1
36559.0,735.0,43431.0,4.6,0.375,37.0,1
50078.0,850.0,35151.0,11.6,0.176,21.0,0
33283.0,681.0,26786.0,2.4,0.116,40.0,1
41231.0,609.0,45309.0,1.2,0.435,33.0,1
77098.0,648.0,149164.0,2.9,0.476,56.0,1
37813.0,508.0,68039.0,0.2,0.344,38.0,1
71401.0,594.0,210182.0,8.6,0.428,25.0,1
29485.0,617.0,26707.0,8.8,0.316,37.0,1
62219.0,608.0,124191.0,4.4,0.349,26.0,0
93780.0,662.0,147868.0,2.2,0.02,43.0,0
16119.0,584.0,29345.0,8.0,0.358,41.0,0
34248.0,740.0,40491.0,4.0,0.439,49.0,1
63556.0,650.0,62859.0,8.7,0.255,29.0,0
44740.0,649.0,25646.0,5.0,0.358,38.0,0
57931.0,624.0,62442.0,7.7,0.253,23.0,0
37354.0,662.0,87887.0,4.6,0.396,46.0,1
50969.0,716.0,27637.0,2.7,0.276,44.0,0
45704.0,581.0,40841.0,15.8,0.252,43.0,1
82909.0,597.0,222172.0,3.9,0.583,38.0,0
54967.0,626.0,149148.0,4.6,0.505,43.0,1
57064.0,542.0,86621.0,1.2,0.327,56.0,1
40727.0,584.0,97442.0,4.9,0.466,35.0,1
39363.0,612.0,61007.0,4.2,0.454,40.0,1
40350.0,720.0,36402.0,1.0,0.403,26.0,0
58542.0,671.0,59768.0,0.3,0.083,28.0,1
40561.0,665.0,86312.0,4.6,0.491,39.0,0
55849.0,718.0,131761.0,7.2,0.222,50.0,0
124733.0,639.0,75692.0,3.7,0.303,35.0,0
72548.0,681.0,170147.0,1.3,0.726,35.0,0
42332.0,642.0,56000.0,5.5,0.4,34.0,0
84166.0,671.0,130973.0,0.4,0.279,32.0,0
40797.0,603.0,14811.0,2.9,0.048,41.0,0
19591.0,455.0,32173.0,0.9,0.68,22.0,1
31144.0,639.0,59946.0,1.0,0.155,52.0,1
21124.0,764.0,28999.0,1.1,0.128,31.0,0
41849.0,724.0,58127.0,2.4,0.254,46.0,0
49429.0,727.0,66848.0,0.3,0.514,24.0,0
104234.0,749.0,130325.0,2.5,0.404,45.0,1
56790.0,657.0,76320.0,3.6,0.322,45.0,1
44418.0,666.0,113429.0,3.3,0.386,42.0,1
71199.0,601.0,185078.0,2.4,0.291,27.0,1
18124.0,625.0,28554.0,9.1,0.387,41.0,1
54504.0,699.0,75208.0,0.8,0.33,25.0,0
69348.0,746.0,187812.0,3.5,0.435,35.0,0
25201.0,639.0,43527.0,0.3,0.502,49.0,0
82018.0,614.0,161383.0,0.4,0.447,47.0,0
57087.0,650.0,55083.0,4.3,0.296,38.0,0
40665.0,698.0,98912.0,4.2,0.431,27.0,1
65170.0,534.0,120260.0,10.5,0.408,45.0,1
136191.0,466.0,310064.0,4.1,0.303,38.0,1
53201.0,606.0,119619.0,16.1,0.317,21.0,0
54814.0,552.0,58219.0,0.2,0.424,47.0,1
39866.0,609.0,101473.0,0.5,0.512,38.0,1
33442.0,638.0,77745.0,0.2,0.33,51.0,0
71229.0,614.0,76949.0,1.0,0.191,26.0,1
33348.0,766.0,27520.0,3.9,0.286,21.0,0
50625.0,676.0,24381.0,5.2,0.351,41.0,0
39539.0,674.0,61951.0,0.2,0.363,41.0,1
60812.0,700.0,88763.0,14.6,0.457,21.0,1
56962.0,559.0,124681.0,9.2,0.56,27.0,1
78190.0,733.0,61358.0,1.8,0.209,68.0,0
38968.0,644.0,88921.0,0.4,0.261,35.0,1
43415.0,704.0,37782.0,0.9,0.16,46.0,0
31557.0,564.0,37290.0,0.7,0.508,31.0,1
40138.0,526.0,85041.0,0.7,0.645,21.0,1
58092.0,715.0,87472.0,3.7,0.262,36.0,0
68916.0,680.0,64004.0,1.4,0.295,35.0,0
32371.0,578.0,46402.0,2.2,0.615,34.0,1
72499.0,580.0,71653.0,22.8,0.469,37.0,1
90223.0,740.0,198705.0,5.8,0.359,41.0,0
59044.0,555.0,118972.0,14.9,0.231,36.0,0
114069.0,781.0,183150.0,0.8,0.37,24.0,0
34606.0,578.0,67668.0,2.4,0.256,43.0,1
27998.0,701.0,49001.0,4.0,0.148,21.0,0
22017.0,624.0,17026.0,0.4,0.314,21.0,1
96107.0,698.0,233115.0,0.0,0.232,46.0,0
65806.0,606.0,158562.0,5.5,0.344,44.0,1
47810.0,637.0,35872.0,5.1,0.142,37.0,1
55603.0,653.0,58606.0,2.6,0.492,23.0,0
29541.0,570.0,28122.0,3.4,0.569,30.0,1
147353.0,709.0,77392.0,2.7,0.021,35.0,0
51956.0,609.0,138234.0,0.1,0.522,21.0,1
51494.0,632.0,72402.0,2.0,0.24,30.0,1
67955.0,570.0,188406.0,1.0,0.528,45.0,1
60867.0,445.0,153760.0,0.5,0.468,54.0,1
54217.0,635.0,105118.0,15.7,0.364,33.0,1
34348.0,843.0,61011.0,4.6,0.202,46.0,0
60607.0,713.0,36148.0,6.5,0.493,21.0,0
114338.0,648.0,111914.0,1.9,0.165,45.0,1
89809.0,629.0,198328.0,2.5,0.454,29.0,1
100402.0,652.0,58541.0,1.4,0.514,41.0,1
38947.0,694.0,23367.0,0.5,0.43,35.0,1
31404.0,556.0,112126.0,1.0,0.758,53.0,1
46323.0,739.0,83431.0,8.0,0.215,28.0,0
50266.0,707.0,61862.0,5.7,0.458,45.0,0
80209.0,707.0,159926.0,4.0,0.298,35.0,0
22889.0,685.0,63212.0,3.2,0.513,36.0,0
97567.0,652.0,117172.0,12.8,0.348,36.0,0
45656.0,704.0,23121.0,0.4,0.258,29.0,0
40453.0,697.0,127887.0,1.6,0.516,38.0,0
31087.0,622.0,37878.0,2.2,0.294,37.0,1
23279.0,604.0,13677.0,7.6,0.167,41.0,1
70999.0,658.0,106517.0,24.5,0.267,39.0,0
50665.0,774.0,118425.0,1.4,0.365,47.0,0
27433.0,551.0,35302.0,10.4,0.621,48.0,1
27370.0,533.0,33412.0,8.9,0.44,26.0,1
42146.0,663.0,53154.0,1.3,0.539,48.0,1
103887.0,654.0,230183.0,2.5,0.144,25.0,0
43616.0,664.0,37910.0,2.6,0.275,44.0,1
24924.0,670.0,43225.0,19.1,0.295,45.0,0
43889.0,632.0,116549.0,1.0,0.344,21.0,1
43359.0,769.0,33396.0,8.0,0.288,39.0,0
14565.0,522.0,48334.0,2.0,0.534,33.0,1
47838.0,584.0,126898.0,6.6,0.325,30.0,1
44182.0,642.0,116924.0,2.7,0.376,53.0,1
67057.0,519.0,71262.0,4.3,0.425,31.0,1
112649.0,636.0,192587.0,8.9,0.22,29.0,0
81386.0,783.0,166157.0,8.2,0.25,39.0,0
43434.0,652.0,119436.0,10.1,0.327,46.0,0
29794.0,668.0,25891.0,0.3,0.314,36.0,1
156063.0,549.0,383599.0,5.9,0.418,51.0,0
50345.0,601.0,67283.0,0.8,0.392,44.0,1
49329.0,620.0,41872.0,2.7,0.304,21.0,1
48491.0,625.0,87140.0,4.0,0.557,32.0,0
53591.0,753.0,94604.0,2.6,0.11,32.0,0
45938.0,695.0,62150.0,3.7,0.214,43.0,0
37868.0,561.0,99325.0,28.3,0.823,21.0,1
38327.0,670.0,89550.0,0.7,0.182,66.0,1
48304.0,690.0,52237.0,5.6,0.122,44.0,0
38386.0,741.0,78498.0,2.5,0.403,40.0,0
35569.0,776.0,31163.0,0.7,0.02,51.0,0
51426.0,569.0,73579.0,0.9,0.365,64.0,1
43707.0,585.0,128438.0,14.9,0.712,48.0,1
96452.0,549.0,214327.0,10.6,0.181,48.0,0
14869.0,631.0,18335.0,11.9,0.064,39.0,0
80112.0,687.0,136115.0,23.9,0.102,36.0,0
85883.0,729.0,64292.0,1.2,0.435,33.0,0
19283.0,644.0,22249.0,2.2,0.523,29.0,0
42015.0,624.0,65572.0,5.5,0.289,30.0,0
41475.0,662.0,23837.0,3.3,0.445,23.0,0
26020.0,583.0,35359.0,2.7,0.6,37.0,1
34544.0,817.0,68994.0,2.2,0.514,21.0,0
29740.0,521.0,15877.0,4.5,0.393,40.0,1
107853.0,665.0,77659.0,4.3,0.02,38.0,0
74687.0,812.0,96750.0,0.9,0.126,40.0,0
86873.0,651.0,148711.0,3.2,0.286,32.0,1
67829.0,635.0,175752.0,4.0,0.321,70.0,1
29494.0,621.0,58572.0,4.2,0.34,53.0,1
38714.0,636.0,67045.0,1.2,0.527,24.0,1
61097.0,760.0,185174.0,6.8,0.473,41.0,0
28284.0,473.0,72067.0,0.1,0.435,31.0,1
67565.0,773.0,70141.0,2.2,0.438,27.0,0
43996.0,536.0,39113.0,7.6,0.475,23.0,1
41412.0,629.0,88226.0,4.1,0.373,43.0,0
67503.0,616.0,142015.0,1.5,0.507,31.0,1
59869.0,697.0,137968.0,5.9,0.331,49.0,1
41671.0,522.0,130917.0,4.2,0.739,49.0,1
82595.0,687.0,121173.0,8.0,0.111,53.0,0
30137.0,812.0,68962.0,6.6,0.172,29.0,0
64678.0,541.0,118520.0,4.7,0.399,43.0,1
64016.0,665.0,50432.0,3.3,0.406,45.0,0
42647.0,597.0,128629.0,0.7,0.573,33.0,1
56770.0,684.0,59322.0,1.5,0.325,30.0,0
27917.0,652.0,50182.0,2.7,0.136,56.0,1
74296.0,599.0,238230.0,4.6,0.508,41.0,1
45107.0,689.0,105058.0,3.6,0.439,45.0,1
38746.0,794.0,47806.0,1.7,0.02,29.0,0
78594.0,635.0,124433.0,0.0,0.359,25.0,0
35705.0,708.0,34032.0,3.4,0.075,32.0,0
26009.0,547.0,32900.0,1.7,0.315,37.0,1
24331.0,573.0,43875.0,6.6,0.262,26.0,1
64389.0,688.0,160445.0,0.1,0.448,38.0,1
27551.0,769.0,54055.0,4.4,0.293,21.0,0
107975.0,678.0,79517.0,14.2,0.139,26.0,0
19209.0,625.0,36582.0,1.0,0.498,45.0,1
105178.0,650.0,191639.0,3.2,0.135,45.0,0
53904.0,550.0,96707.0,0.5,0.462,34.0,1
46933.0,698.0,68943.0,4.9,0.198,27.0,0
38361.0,721.0,79260.0,4.0,0.251,27.0,0
58666.0,614.0,132411.0,2.6,0.448,34.0,1
48198.0,612.0,77220.0,3.7,0.452,45.0,1
80538.0,671.0,250828.0,11.3,0.537,48.0,0
51606.0,615.0,44882.0,1.1,0.359,33.0,0
52451.0,645.0,156651.0,0.1,0.399,25.0,1
41622.0,818.0,25857.0,9.9,0.179,41.0,0
47781.0,630.0,25410.0,4.3,0.39,29.0,0
56303.0,621.0,158622.0,11.1,0.434,32.0,1
22707.0,598.0,24441.0,4.5,0.368,53.0,1
26724.0,710.0,39891.0,8.3,0.042,47.0,1
68492.0,636.0,174636.0,2.8,0.409,40.0,1
52939.0,598.0,145360.0,6.9,0.437,24.0,1
45126.0,756.0,105111.0,12.2,0.182,40.0,0
49429.0,764.0,41902.0,4.2,0.086,50.0,0
57320.0,602.0,156710.0,1.0,0.601,34.0,1
38450.0,501.0,33866.0,1.6,0.517,53.0,1
34536.0,731.0,45333.0,1.1,0.265,52.0,1
53537.0,595.0,114129.0,1.4,0.214,56.0,1
31563.0,713.0,35260.0,1.8,0.187,41.0,0
58907.0,492.0,144917.0,4.0,0.644,44.0,1
22785.0,721.0,37122.0,4.4,0.326,54.0,1
77895.0,553.0,152873.0,2.8,0.328,43.0,1
60638.0,708.0,176010.0,4.8,0.39,32.0,0
55007.0,651.0,29088.0,0.4,0.227,33.0,1
76283.0,574.0,180490.0,0.5,0.623,41.0,1
103721.0,617.0,323409.0,0.9,0.573,24.0,1
77379.0,705.0,111472.0,3.6,0.246,36.0,0
21410.0,658.0,12678.0,1.2,0.25,50.0,1
27562.0,697.0,32491.0,1.7,0.02,21.0,0
37006.0,808.0,30959.0,2.6,0.029,55.0,0
49600.0,525.0,36411.0,8.4,0.227,50.0,1
61880.0,779.0,144339.0,0.1,0.289,33.0,0
35363.0,658.0,57150.0,5.2,0.296,44.0,1
53319.0,578.0,119814.0,5.5,0.193,38.0,0
34894.0,544.0,85509.0,8.0,0.374,52.0,1
37228.0,635.0,86039.0,13.5,0.435,49.0,1
26030.0,724.0,13116.0,0.1,0.383,23.0,1
32356.0,640.0,34098.0,0.8,0.071,44.0,0
26682.0,771.0,22675.0,10.9,0.255,36.0,0
31598.0,534.0,71520.0,3.1,0.215,39.0,0
78758.0,649.0,80087.0,4.2,0.486,30.0,1
31977.0,550.0,43918.0,5.4,0.53,57.0,1
160263.0,679.0,228936.0,5.7,0.197,49.0,0
61206.0,721.0,56065.0,13.4,0.191,30.0,0
53273.0,616.0,49229.0,29.0,0.302,23.0,0
33314.0,442.0,49402.0,6.4,0.142,34.0,1
67181.0,666.0,48063.0,1.7,0.39,43.0,0
37834.0,685.0,21665.0,10.6,0.287,41.0,0
51788.0,682.0,79668.0,0.3,0.475,52.0,0
155133.0,749.0,258317.0,1.3,0.123,47.0,0
46947.0,564.0,80677.0,11.4,0.311,49.0,0
82222.0,704.0,88345.0,1.5,0.09,42.0,0
35724.0,745.0,50589.0,1.2,0.14,23.0,0
48255.0,508.0,58776.0,0.7,0.262,36.0,1
108756.0,676.0,334673.0,9.8,0.483,50.0,0
36970.0,610.0,20508.0,3.5,0.27,37.0,1
110813.0,643.0,235354.0,5.6,0.373,44.0,1
67406.0,678.0,161002.0,1.4,0.276,34.0,1
38059.0,611.0,74880.0,7.1,0.184,27.0,0
65159.0,596.0,59966.0,7.1,0.359,37.0,1
75936.0,653.0,97739.0,1.9,0.438,41.0,0
64849.0,563.0,122388.0,2.6,0.223,31.0,1
24183.0,563.0,19346.0,1.2,0.526,35.0,1
35341.0,704.0,70498.0,18.8,0.189,28.0,0
43854.0,558.0,94195.0,5.2,0.335,50.0,1
47406.0,703.0,109763.0,13.6,0.396,35.0,0
64816.0,687.0,40252.0,1.8,0.227,54.0,0
53102.0,512.0,126945.0,7.6,0.442,55.0,0
26879.0,596.0,55377.0,7.3,0.337,37.0,1
58168.0,746.0,136379.0,5.9,0.31,27.0,0
64522.0,572.0,25017.0,16.9,0.042,21.0,0
63064.0,613.0,24580.0,2.5,0.099,22.0,0
79726.0,687.0,116412.0,0.7,0.419,23.0,0
71344.0,713.0,66341.0,5.6,0.466,53.0,0
60272.0,630.0,94391.0,6.5,0.226,39.0,1
47497.0,602.0,125151.0,4.3,0.343,42.0,1
23215.0,764.0,31688.0,1.2,0.323,21.0,0
59476.0,789.0,150252.0,3.5,0.367,25.0,0
53823.0,728.0,16705.0,1.9,0.02,48.0,0
55393.0,657.0,41481.0,2.8,0.213,41.0,1
27597.0,585.0,14952.0,5.2,0.341,36.0,1
30137.0,584.0,43652.0,6.8,0.497,44.0,1
78741.0,692.0,283298.0,1.3,0.699,56.0,1
48156.0,683.0,31992.0,2.6,0.295,36.0,0
66614.0,762.0,89827.0,1.6,0.069,39.0,0
49649.0,702.0,79072.0,1.1,0.378,40.0,0
49682.0,530.0,172978.0,7.6,0.623,64.0,1
74774.0,734.0,55081.0,12.0,0.314,21.0,0
38862.0,570.0,34583.0,2.3,0.264,46.0,1
51188.0,619.0,32691.0,7.0,0.513,37.0,0
39814.0,670.0,65435.0,11.4,0.437,44.0,1
40315.0,810.0,33534.0,9.4,0.096,31.0,0
42654.0,850.0,100651.0,1.0,0.282,37.0,0
54174.0,699.0,116567.0,15.7,0.469,46.0,0
39520.0,635.0,91407.0,2.4,0.536,70.0,1
86257.0,693.0,144149.0,2.1,0.313,47.0,0
32775.0,721.0,20372.0,0.3,0.252,29.0,0
45067.0,624.0,83583.0,3.3,0.55,33.0,1
40220.0,794.0,81860.0,0.6,0.079,33.0,0
94008.0,668.0,244343.0,1.4,0.404,21.0,0
53554.0,690.0,105350.0,1.9,0.12,34.0,1
77990.0,703.0,214766.0,8.3,0.477,46.0,0
25122.0,684.0,16943.0,10.4,0.29,24.0,0
55280.0,717.0,64883.0,1.8,0.498,50.0,0
73155.0,601.0,39176.0,9.8,0.455,43.0,1
50870.0,605.0,50871.0,9.7,0.194,30.0,0
79179.0,562.0,74448.0,7.2,0.619,36.0,1
38841.0,685.0,75828.0,0.8,0.561,56.0,0
92430.0,712.0,211478.0,5.9,0.443,46.0,0
137930.0,687.0,301184.0,14.5,0.213,38.0,0
41636.0,784.0,81056.0,5.7,0.22,35.0,0
40116.0,650.0,111001.0,2.0,0.372,39.0,1
94280.0,703.0,48534.0,3.5,0.211,32.0,0
99788.0,563.0,66613.0,5.2,0.658,21.0,1
38743.0,619.0,82677.0,3.6,0.391,60.0,1
40575.0,706.0,30776.0,0.6,0.02,40.0,0
43183.0,718.0,46924.0,1.9,0.358,42.0,0
26769.0,626.0,32419.0,8.1,0.312,37.0,0
32422.0,644.0,35884.0,9.9,0.342,30.0,0
31199.0,529.0,53859.0,0.7,0.371,36.0,1
34700.0,621.0,60470.0,15.2,0.489,21.0,0
48262.0,721.0,92270.0,2.0,0.473,63.0,0
54470.0,696.0,114527.0,5.4,0.364,24.0,0
98491.0,690.0,126363.0,7.0,0.274,27.0,0
31280.0,654.0,33221.0,8.4,0.341,33.0,1
76339.0,651.0,66575.0,14.6,0.353,52.0,0
44520.0,597.0,52757.0,1.9,0.263,38.0,1
47942.0,706.0,113094.0,9.8,0.402,24.0,0
66414.0,684.0,158523.0,0.7,0.398,52.0,0
29578.0,689.0,74132.0,6.1,0.556,46.0,0
58226.0,608.0,73579.0,6.8,0.565,44.0,1
52834.0,478.0,99390.0,5.7,0.355,46.0,1
61182.0,738.0,120024.0,1.5,0.418,64.0,0
55833.0,612.0,79399.0,10.3,0.231,62.0,1
147988.0,581.0,304531.0,0.9,0.498,30.0,0
36791.0,705.0,53311.0,0.3,0.238,56.0,1
38602.0,619.0,60286.0,6.3,0.216,42.0,0
37034.0,735.0,79592.0,3.2,0.339,43.0,0
38179.0,699.0,18323.0,9.5,0.02,21.0,0
36797.0,705.0,57061.0,2.4,0.053,36.0,0
83705.0,541.0,69703.0,0.9,0.392,29.0,1
92895.0,747.0,55839.0,9.1,0.302,47.0,0
37917.0,671.0,98278.0,4.0,0.282,50.0,0
33706.0,620.0,71322.0,1.0,0.132,21.0,0
60605.0,661.0,32363.0,6.4,0.22,38.0,0
38235.0,508.0,67481.0,3.6,0.497,50.0,1
65174.0,683.0,63992.0,4.6,0.417,36.0,0
53708.0,568.0,91932.0,3.1,0.399,46.0,1
24783.0,542.0,76028.0,8.8,0.591,42.0,0
98359.0,528.0,307187.0,8.8,0.486,42.0,1
109990.0,739.0,179446.0,6.2,0.182,35.0,0
37207.0,600.0,48400.0,0.6,0.339,25.0,1
41173.0,773.0,54813.0,9.1,0.063,26.0,0
55750.0,607.0,68547.0,5.6,0.361,46.0,1
56983.0,513.0,190068.0,6.0,0.602,38.0,1
65930.0,561.0,195592.0,2.3,0.509,36.0,1
121127.0,749.0,252224.0,10.6,0.499,33.0,0
45269.0,638.0,54188.0,6.5,0.312,35.0,1
34227.0,606.0,49789.0,0.6,0.579,50.0,1
26352.0,663.0,14040.0,2.6,0.313,34.0,1
35280.0,690.0,102646.0,10.9,0.546,23.0,0
48295.0,739.0,69955.0,0.2,0.291,46.0,0
109925.0,766.0,141955.0,16.3,0.384,36.0,0
38835.0,621.0,77487.0,5.7,0.589,38.0,1
54215.0,544.0,136321.0,5.0,0.387,56.0,1
48660.0,617.0,39625.0,1.6,0.403,38.0,1
83682.0,671.0,250101.0,1.4,0.53,41.0,0
152836.0,573.0,410221.0,14.2,0.378,25.0,0
38604.0,573.0,88504.0,1.8,0.2,36.0,1
39330.0,678.0,73686.0,7.5,0.654,45.0,1
78423.0,646.0,72130.0,2.5,0.282,21.0,0
66626.0,653.0,92890.0,0.7,0.372,40.0,0
112535.0,589.0,174115.0,0.1,0.561,39.0,1
63753.0,632.0,52173.0,3.9,0.27,38.0,0
41703.0,576.0,71120.0,18.6,0.245,49.0,1
63946.0,721.0,102063.0,2.3,0.344,42.0,0
80734.0,733.0,135355.0,2.2,0.029,54.0,0
70914.0,502.0,41113.0,2.1,0.399,27.0,1
61591.0,576.0,134255.0,3.7,0.433,39.0,0
79222.0,530.0,187728.0,2.9,0.384,39.0,1
82966.0,598.0,149454.0,10.6,0.151,26.0,0
91306.0,643.0,295834.0,3.5,0.593,49.0,1
65639.0,534.0,158246.0,3.5,0.438,64.0,1
45469.0,576.0,155223.0,0.7,0.611,38.0,1
52366.0,570.0,67027.0,20.3,0.361,44.0,1
84367.0,667.0,119787.0,1.4,0.208,39.0,1
33941.0,656.0,17927.0,0.4,0.387,30.0,1
57867.0,592.0,28554.0,5.4,0.354,21.0,1
41069.0,664.0,34546.0,4.5,0.164,30.0,1
49659.0,606.0,44731.0,2.7,0.598,23.0,0
87143.0,628.0,87251.0,2.7,0.27,57.0,1
53423.0,784.0,31221.0,7.7,0.02,37.0,0
50056.0,757.0,30948.0,1.1,0.482,34.0,0
26584.0,546.0,69252.0,8.6,0.339,48.0,1
68584.0,716.0,29181.0,5.2,0.217,26.0,0
65543.0,715.0,98875.0,2.7,0.045,30.0,0
129763.0,558.0,144919.0,3.1,0.669,39.0,1
42681.0,716.0,84930.0,1.5,0.116,49.0,0
54102.0,773.0,130345.0,7.0,0.282,44.0,0
54843.0,560.0,133820.0,3.6,0.543,41.0,1
99693.0,577.0,230245.0,1.9,0.459,39.0,1
46963.0,731.0,21461.0,4.5,0.29,42.0,0
55579.0,672.0,112145.0,27.3,0.081,40.0,0
64444.0,694.0,139088.0,2.9,0.201,27.0,0
53315.0,677.0,140292.0,12.7,0.361,39.0,0
40099.0,681.0,69977.0,2.1,0.212,26.0,0
53495.0,544.0,76270.0,0.3,0.447,39.0,0
79470.0,734.0,217258.0,1.1,0.4,33.0,0
30886.0,744.0,39315.0,2.7,0.436,66.0,1
52044.0,632.0,77160.0,1.2,0.178,38.0,1
35773.0,647.0,34356.0,0.0,0.682,23.0,1
83933.0,528.0,268776.0,12.3,0.542,37.0,1
24700.0,691.0,19444.0,9.3,0.324,44.0,1
38120.0,696.0,43927.0,6.8,0.485,56.0,0
58090.0,645.0,144002.0,0.9,0.708,32.0,1
99160.0,740.0,162034.0,0.6,0.078,21.0,0
47592.0,623.0,90946.0,0.3,0.333,47.0,0
38184.0,695.0,25576.0,6.4,0.02,23.0,0
114293.0,568.0,59132.0,13.2,0.43,33.0,1
25550.0,648.0,61504.0,2.8,0.406,35.0,1
18225.0,636.0,51454.0,0.6,0.353,37.0,1
59755.0,668.0,126813.0,3.6,0.241,46.0,1
39108.0,620.0,42669.0,2.1,0.061,30.0,1
30960.0,639.0,86508.0,2.3,0.413,35.0,1
67424.0,716.0,115853.0,4.9,0.527,38.0,0
54705.0,615.0,87562.0,6.3,0.283,40.0,1
38031.0,521.0,70583.0,0.6,0.496,39.0,1
27553.0,790.0,27984.0,0.2,0.027,43.0,0
72592.0,761.0,168041.0,25.9,0.35,47.0,0
65683.0,547.0,114042.0,1.3,0.356,42.0,0
46881.0,705.0,48518.0,0.3,0.201,43.0,0
112531.0,610.0,110989.0,1.1,0.261,21.0,1
30287.0,671.0,15801.0,0.2,0.278,39.0,0
24674.0,674.0,47957.0,2.5,0.393,43.0,1
35905.0,631.0,29521.0,8.1,0.165,46.0,1
48025.0,587.0,38857.0,2.1,0.33,30.0,1
54694.0,595.0,114215.0,2.9,0.378,31.0,0
43978.0,577.0,80506.0,5.6,0.231,32.0,1
57436.0,583.0,172416.0,3.6,0.661,44.0,1
27912.0,645.0,40520.0,9.9,0.225,49.0,0
93873.0,593.0,227323.0,10.1,0.285,34.0,0
47242.0,705.0,103225.0,0.0,0.169,48.0,0
81047.0,769.0,233790.0,7.5,0.545,39.0,0
57195.0,604.0,126880.0,3.1,0.462,37.0,1
60207.0,669.0,60468.0,22.5,0.198,36.0,0
63348.0,690.0,204381.0,3.3,0.491,46.0,0
59962.0,688.0,67984.0,21.7,0.357,42.0,0
65462.0,656.0,64895.0,7.0,0.385,63.0,1
89154.0,709.0,123260.0,1.4,0.261,29.0,0
53553.0,689.0,27973.0,3.9,0.213,44.0,0
67444.0,551.0,211134.0,24.2,0.463,32.0,0
47081.0,720.0,76540.0,9.7,0.225,28.0,0
93719.0,721.0,208946.0,0.5,0.578,38.0,0
36157.0,589.0,61713.0,6.1,0.198,40.0,0
110241.0,653.0,226396.0,2.1,0.579,70.0,1
48143.0,705.0,25113.0,0.0,0.299,36.0,1
25749.0,633.0,52569.0,2.6,0.405,26.0,0
51930.0,736.0,121478.0,1.3,0.421,41.0,0
36081.0,839.0,41016.0,8.5,0.137,21.0,0
71560.0,587.0,191629.0,2.1,0.519,37.0,1
36546.0,540.0,24188.0,8.8,0.02,38.0,1
40103.0,674.0,34922.0,0.0,0.227,47.0,0
20946.0,708.0,14673.0,1.8,0.175,49.0,0
39993.0,632.0,44237.0,1.4,0.174,32.0,1
16469.0,766.0,36431.0,1.3,0.245,36.0,0
24034.0,543.0,66383.0,0.4,0.475,30.0,1
69022.0,705.0,102657.0,1.0,0.421,26.0,0
69815.0,602.0,139994.0,4.1,0.416,41.0,1
59365.0,788.0,104432.0,1.7,0.164,24.0,0
31725.0,809.0,31694.0,2.7,0.306,33.0,0
47980.0,589.0,44466.0,2.4,0.407,27.0,1
48941.0,606.0,160316.0,10.4,0.518,44.0,1
29107.0,719.0,60893.0,11.8,0.424,58.0,1
96426.0,619.0,277372.0,3.4,0.374,24.0,0
72752.0,646.0,79975.0,2.0,0.218,21.0,0
44381.0,652.0,85243.0,0.6,0.251,37.0,0
49617.0,496.0,50509.0,15.3,0.364,38.0,0
53840.0,649.0,56081.0,0.3,0.303,40.0,1
19560.0,595.0,35671.0,1.8,0.425,33.0,1
43861.0,611.0,61645.0,1.8,0.482,36.0,1
36066.0,765.0,28843.0,1.9,0.27,42.0,0
31234.0,549.0,36695.0,0.9,0.415,49.0,1
43196.0,715.0,23698.0,7.6,0.331,21.0,1
110080.0,628.0,220662.0,0.7,0.287,34.0,0
65407.0,628.0,93388.0,5.0,0.225,40.0,1
37910.0,713.0,18047.0,0.7,0.047,28.0,0
63428.0,677.0,48845.0,0.4,0.229,57.0,0
92015.0,696.0,69068.0,12.0,0.392,31.0,0
74316.0,727.0,120197.0,1.1,0.196,38.0,0
50354.0,623.0,34477.0,8.6,0.331,44.0,0
36639.0,601.0,91832.0,3.9,0.451,31.0,1
67118.0,563.0,40048.0,0.4,0.482,21.0,1
58517.0,584.0,54521.0,15.6,0.229,33.0,0
73338.0,850.0,194881.0,1.4,0.375,49.0,0
65240.0,750.0,158332.0,9.8,0.457,34.0,0
78614.0,542.0,45497.0,0.9,0.248,29.0,0
38528.0,544.0,87787.0,9.6,0.293,48.0,0
88683.0,689.0,169719.0,0.1,0.505,34.0,1
53579.0,694.0,126279.0,3.6,0.301,32.0,0
124725.0,694.0,154802.0,7.3,0.02,40.0,0
35949.0,630.0,59661.0,13.7,0.153,46.0,1
107064.0,640.0,293535.0,12.0,0.319,64.0,1
53587.0,676.0,43969.0,8.6,0.159,47.0,0
36566.0,657.0,66560.0,11.0,0.284,51.0,0
39429.0,472.0,69374.0,1.1,0.466,32.0,1
42440.0,632.0,30000.0,1.7,0.581,27.0,1
59330.0,582.0,30189.0,1.7,0.349,39.0,1
62024.0,664.0,54554.0,2.4,0.502,39.0,1
37867.0,850.0,83541.0,2.5,0.439,26.0,0
48486.0,679.0,106641.0,3.9,0.547,36.0,0
128543.0,625.0,244152.0,0.9,0.408,42.0,0
106659.0,724.0,38331.0,5.9,0.02,42.0,0
59656.0,689.0,99319.0,0.9,0.395,44.0,0
49866.0,684.0,152295.0,1.9,0.486,41.0,1
51741.0,699.0,70150.0,3.5,0.307,32.0,1
64607.0,815.0,147745.0,8.0,0.509,32.0,0
30938.0,560.0,86055.0,6.7,0.536,25.0,1
43660.0,688.0,108636.0,5.2,0.412,58.0,1
23136.0,576.0,48229.0,0.8,0.559,38.0,1
58668.0,694.0,150861.0,4.0,0.372,36.0,1
65594.0,577.0,60321.0,0.5,0.022,28.0,0
39441.0,617.0,96184.0,2.4,0.296,70.0,1
99538.0,626.0,125359.0,2.7,0.544,26.0,1
28237.0,728.0,26445.0,0.2,0.18,33.0,1
25363.0,723.0,13972.0,1.6,0.271,43.0,0
54231.0,550.0,115482.0,15.6,0.256,45.0,0
78527.0,654.0,147164.0,15.4,0.615,49.0,0
104586.0,593.0,138869.0,2.2,0.638,58.0,1
39875.0,549.0,37894.0,0.2,0.28,44.0,1
79651.0,633.0,215578.0,1.0,0.383,26.0,1
48179.0,625.0,107514.0,2.5,0.263,35.0,1
45357.0,844.0,78686.0,14.8,0.321,41.0,0
72959.0,685.0,149571.0,0.8,0.405,61.0,0
65745.0,540.0,126422.0,7.2,0.541,23.0,1
24116.0,605.0,36671.0,0.6,0.428,51.0,1
95267.0,732.0,355798.0,19.9,0.739,40.0,0
91221.0,817.0,51340.0,2.4,0.091,47.0,0
36993.0,523.0,44196.0,7.5,0.173,37.0,1
58578.0,500.0,78555.0,2.1,0.385,29.0,1
61225.0,800.0,66388.0,4.9,0.021,46.0,0
55122.0,681.0,64040.0,1.1,0.107,45.0,0
38268.0,581.0,57993.0,0.8,0.243,49.0,1
36235.0,693.0,24170.0,13.9,0.185,38.0,0
48460.0,439.0,81092.0,12.5,0.339,31.0,1
83094.0,650.0,94439.0,10.9,0.428,21.0,0
62606.0,676.0,51593.0,4.9,0.258,47.0,0
41491.0,724.0,24088.0,8.3,0.277,43.0,0
69374.0,569.0,189468.0,0.4,0.535,27.0,1
13604.0,657.0,17729.0,2.0,0.231,32.0,0
82203.0,576.0,162506.0,1.9,0.357,33.0,0
22407.0,670.0,51551.0,5.0,0.392,22.0,0
41644.0,578.0,64405.0,2.2,0.104,29.0,1
29618.0,617.0,30782.0,0.8,0.02,26.0,0
27375.0,570.0,42315.0,4.5,0.452,33.0,1
82650.0,702.0,117966.0,8.4,0.391,30.0,0
39717.0,719.0,101486.0,2.4,0.617,21.0,0
57293.0,631.0,98068.0,0.7,0.385,60.0,1
47997.0,653.0,134831.0,1.1,0.471,52.0,0
60759.0,534.0,162119.0,1.4,0.393,29.0,1
50745.0,626.0,47460.0,1.8,0.41,41.0,1
27520.0,646.0,27819.0,5.1,0.603,43.0,1
76751.0,850.0,98788.0,4.6,0.02,51.0,0
39254.0,561.0,52515.0,6.0,0.468,29.0,1
24332.0,767.0,15916.0,2.3,0.597,50.0,0
40431.0,730.0,103706.0,8.7,0.342,32.0,1
96311.0,672.0,121656.0,1.1,0.584,23.0,0
71869.0,791.0,155764.0,3.2,0.168,46.0,0
41903.0,680.0,89052.0,8.1,0.327,52.0,0
41891.0,681.0,94322.0,1.0,0.336,66.0,1
42415.0,646.0,26394.0,0.6,0.02,25.0,0
124809.0,748.0,96676.0,10.8,0.114,46.0,0
58213.0,738.0,76695.0,2.1,0.131,33.0,0
59487.0,600.0,61126.0,5.8,0.505,47.0,1
77935.0,544.0,112932.0,0.1,0.547,22.0,1
54582.0,634.0,71779.0,5.9,0.409,24.0,1
43627.0,586.0,43680.0,1.9,0.514,29.0,1
44875.0,645.0,42209.0,0.3,0.329,39.0,1
47466.0,749.0,125334.0,4.7,0.468,31.0,0
48207.0,613.0,43111.0,1.4,0.374,45.0,0
68012.0,647.0,37322.0,2.4,0.361,49.0,1
50180.0,655.0,94394.0,0.4,0.307,45.0,0
68165.0,718.0,202456.0,0.8,0.41,56.0,0
47272.0,470.0,62727.0,1.8,0.399,43.0,1
50786.0,601.0,45589.0,0.5,0.527,25.0,1
19947.0,667.0,29566.0,12.1,0.17,53.0,1
74039.0,746.0,148500.0,0.0,0.125,31.0,0
57292.0,611.0,151901.0,3.3,0.478,48.0,1
76811.0,500.0,162771.0,0.7,0.431,55.0,1
13316.0,700.0,14590.0,1.8,0.251,43.0,1
125463.0,599.0,259521.0,13.0,0.515,22.0,0
46036.0,555.0,30784.0,0.9,0.318,28.0,1
80715.0,600.0,168703.0,16.9,0.351,53.0,0
30701.0,635.0,83010.0,1.2,0.569,36.0,1
64586.0,602.0,227823.0,6.8,0.611,39.0,1
30515.0,474.0,45523.0,4.0,0.696,46.0,1
37023.0,722.0,17446.0,10.8,0.263,46.0,0
115996.0,752.0,231541.0,4.0,0.471,41.0,0
44990.0,702.0,79051.0,3.8,0.175,36.0,0
54060.0,559.0,116566.0,1.1,0.271,35.0,1
72514.0,634.0,44255.0,0.9,0.02,47.0,1
61271.0,649.0,84965.0,12.4,0.601,44.0,0
52454.0,698.0,73865.0,2.0,0.19,35.0,0
57770.0,703.0,68786.0,2.3,0.298,50.0,0
144573.0,591.0,325868.0,7.1,0.25,37.0,0
47766.0,657.0,84494.0,2.1,0.45,29.0,0
53664.0,687.0,116776.0,15.2,0.271,30.0,0
78652.0,766.0,104604.0,6.7,0.081,27.0,0
80619.0,706.0,192402.0,4.5,0.381,35.0,0
83631.0,713.0,77456.0,10.6,0.095,52.0,0
65345.0,657.0,138198.0,0.3,0.22,29.0,1
29309.0,763.0,21559.0,1.5,0.02,40.0,0
102237.0,683.0,136523.0,3.1,0.116,31.0,0
29265.0,581.0,30890.0,1.3,0.42,35.0,1
56173.0,762.0,58817.0,6.8,0.02,21.0,0
34912.0,706.0,31339.0,12.6,0.093,36.0,0
47626.0,615.0,54001.0,2.8,0.372,36.0,1
56837.0,612.0,147983.0,2.1,0.292,44.0,0
56648.0,674.0,62925.0,16.3,0.634,40.0,1
59270.0,687.0,175839.0,2.9,0.602,25.0,1
101333.0,666.0,242975.0,3.4,0.21,50.0,0
60120.0,675.0,33646.0,2.2,0.418,40.0,0
43920.0,786.0,96482.0,12.0,0.377,40.0,0
75647.0,736.0,69106.0,4.2,0.207,38.0,0
83722.0,665.0,36047.0,7.2,0.116,32.0,0
28214.0,725.0,38319.0,8.4,0.301,40.0,0
64140.0,567.0,177610.0,2.1,0.376,43.0,1
67207.0,682.0,30767.0,2.8,0.265,21.0,1
42877.0,795.0,78196.0,9.4,0.326,32.0,0
91041.0,633.0,135422.0,2.3,0.248,35.0,0
45820.0,582.0,100773.0,7.9,0.22,41.0,1
51871.0,598.0,36790.0,14.2,0.399,51.0,1
45348.0,563.0,106172.0,4.9,0.462,30.0,1
49366.0,587.0,88278.0,6.8,0.213,33.0,0
29932.0,620.0,72039.0,8.2,0.508,32.0,1
25642.0,538.0,55266.0,9.3,0.155,29.0,1
100461.0,651.0,221621.0,2.5,0.263,34.0,0
33485.0,722.0,17546.0,0.3,0.266,46.0,0
31378.0,577.0,47377.0,2.6,0.3,26.0,1
18601.0,772.0,21947.0,5.6,0.189,43.0,0
36771.0,691.0,56516.0,3.0,0.605,21.0,0
27027.0,732.0,33925.0,6.9,0.171,32.0,1
102632.0,597.0,202217.0,2.2,0.749,34.0,1
77220.0,718.0,118757.0,5.0,0.373,56.0,0
35966.0,563.0,107985.0,1.0,0.418,35.0,1
135076.0,721.0,95220.0,6.9,0.377,21.0,0
76252.0,664.0,282579.0,3.9,0.721,21.0,0
42354.0,694.0,55699.0,1.1,0.173,38.0,0
15919.0,556.0,27561.0,1.7,0.241,45.0,1
137437.0,578.0,312028.0,6.9,0.282,42.0,1
26231.0,698.0,33996.0,3.3,0.325,40.0,0
23378.0,574.0,27212.0,1.2,0.139,51.0,1
77665.0,687.0,110084.0,17.1,0.33,32.0,0
146956.0,541.0,268665.0,6.3,0.672,48.0,0
91393.0,718.0,239240.0,15.7,0.33,21.0,0
63181.0,551.0,157276.0,2.8,0.368,28.0,1
64064.0,694.0,41060.0,3.2,0.23,21.0,0
71972.0,700.0,58407.0,11.4,0.453,35.0,0
68976.0,594.0,93217.0,3.7,0.261,37.0,1
55633.0,697.0,49757.0,6.1,0.598,39.0,0
51374.0,671.0,129079.0,1.5,0.627,39.0,1
47659.0,607.0,41583.0,3.0,0.415,28.0,1
34917.0,569.0,62975.0,0.7,0.399,36.0,1
43204.0,493.0,26920.0,1.2,0.603,22.0,1
22883.0,678.0,32413.0,0.0,0.497,53.0,1
46899.0,525.0,93318.0,0.2,0.307,35.0,1
31418.0,658.0,46542.0,18.9,0.266,33.0,0
29833.0,629.0,67212.0,1.4,0.165,55.0,1
53154.0,704.0,139507.0,5.4,0.377,24.0,1
91711.0,626.0,136527.0,9.1,0.465,26.0,1
74105.0,624.0,34746.0,4.0,0.164,26.0,0
24180.0,709.0,53419.0,0.8,0.245,37.0,0
31403.0,677.0,63787.0,6.5,0.131,43.0,1
74858.0,675.0,152684.0,4.6,0.199,46.0,0
31504.0,688.0,26067.0,6.6,0.409,66.0,0
44308.0,527.0,121647.0,7.3,0.317,21.0,1
62788.0,711.0,62413.0,18.5,0.267,45.0,0
31705.0,699.0,49468.0,4.3,0.075,32.0,0
51401.0,569.0,146499.0,2.1,0.429,32.0,1
26895.0,630.0,27993.0,5.2,0.356,31.0,1
37398.0,647.0,87311.0,0.4,0.243,28.0,1
56608.0,639.0,66937.0,11.4,0.328,57.0,0
23936.0,677.0,67606.0,0.6,0.36,47.0,1
59767.0,765.0,54378.0,2.0,0.156,38.0,0
48590.0,737.0,94502.0,8.5,0.074,53.0,0
62857.0,545.0,51256.0,4.5,0.686,21.0,1
54218.0,700.0,101543.0,2.5,0.224,23.0,0
90569.0,756.0,144057.0,3.2,0.269,21.0,0
51862.0,681.0,95123.0,9.6,0.482,30.0,1
40407.0,737.0,60954.0,2.1,0.825,40.0,0
51794.0,811.0,77711.0,10.2,0.063,39.0,0
62598.0,732.0,59098.0,0.5,0.366,40.0,0
50111.0,670.0,78412.0,7.5,0.231,22.0,0
49924.0,734.0,46214.0,9.4,0.217,47.0,0
35743.0,662.0,86196.0,1.0,0.235,41.0,1
36377.0,652.0,16217.0,2.8,0.18,46.0,0
26077.0,622.0,25053.0,0.9,0.361,21.0,0
107722.0,775.0,77504.0,6.1,0.051,41.0,0
28008.0,585.0,48714.0,3.8,0.533,25.0,0
35889.0,773.0,34230.0,5.0,0.282,34.0,0
35480.0,690.0,60609.0,1.1,0.388,44.0,1
73329.0,538.0,186785.0,1.2,0.35,39.0,1
42928.0,679.0,85797.0,0.2,0.277,29.0,0
85947.0,482.0,184035.0,1.9,0.498,38.0,1
36204.0,700.0,19464.0,4.1,0.144,21.0,1
55578.0,721.0,105837.0,9.8,0.252,51.0,0
33661.0,603.0,26230.0,5.5,0.251,36.0,1
128710.0,660.0,257160.0,2.9,0.21,50.0,0
28727.0,806.0,20039.0,15.3,0.02,32.0,0
56355.0,610.0,102250.0,6.4,0.576,32.0,0
65199.0,565.0,80750.0,13.3,0.3,30.0,0
59054.0,769.0,164200.0,3.7,0.45,48.0,1
45099.0,807.0,37266.0,1.5,0.412,30.0,0
46239.0,650.0,66992.0,0.3,0.157,45.0,0
49997.0,731.0,31475.0,6.5,0.136,34.0,0
45883.0,757.0,131498.0,0.6,0.667,21.0,0
75640.0,591.0,261165.0,1.8,0.65,32.0,1
132553.0,611.0,203891.0,3.8,0.37,25.0,0
38144.0,748.0,60831.0,4.2,0.327,38.0,1
26465.0,785.0,57521.0,4.6,0.171,25.0,0
47112.0,695.0,83789.0,0.9,0.387,48.0,0
156509.0,580.0,238479.0,2.4,0.286,37.0,0
34144.0,809.0,41192.0,4.8,0.02,36.0,0
102498.0,608.0,177348.0,17.5,0.178,45.0,0
104294.0,623.0,77608.0,6.5,0.37,49.0,0
38211.0,677.0,74448.0,12.8,0.163,38.0,0
63325.0,774.0,86745.0,7.2,0.262,30.0,0
102005.0,718.0,51819.0,4.5,0.146,21.0,0
41332.0,683.0,82735.0,1.1,0.212,30.0,0
44730.0,687.0,68053.0,5.5,0.455,31.0,0
37731.0,653.0,27907.0,4.9,0.385,39.0,1
31050.0,695.0,59586.0,4.6,0.321,34.0,0
36601.0,448.0,119424.0,3.4,0.608,46.0,1
28261.0,626.0,79689.0,3.8,0.437,31.0,1
49778.0,669.0,166385.0,2.0,0.555,37.0,1
34666.0,558.0,86848.0,3.7,0.339,51.0,0
54459.0,681.0,23840.0,1.1,0.266,42.0,1
24339.0,634.0,27012.0,8.2,0.165,37.0,1
56891.0,790.0,115585.0,1.0,0.198,31.0,0
71331.0,776.0,102601.0,0.4,0.416,31.0,0
19987.0,613.0,46791.0,2.9,0.568,29.0,1
58007.0,638.0,128810.0,5.4,0.502,32.0,1
85174.0,644.0,82363.0,2.9,0.085,46.0,0
28443.0,614.0,89143.0,1.6,0.535,36.0,1
104053.0,666.0,121554.0,4.1,0.064,23.0,0
59193.0,589.0,110440.0,2.1,0.523,57.0,1
35694.0,560.0,101663.0,13.5,0.351,42.0,0
47806.0,700.0,84893.0,12.8,0.424,23.0,1
63023.0,700.0,42846.0,3.5,0.119,33.0,0
50726.0,586.0,105430.0,2.0,0.566,39.0,1
62470.0,722.0,108556.0,6.7,0.085,57.0,0
32393.0,599.0,69719.0,0.2,0.281,26.0,1
52903.0,670.0,102980.0,3.2,0.188,49.0,1
25947.0,716.0,38041.0,2.0,0.046,53.0,0
46628.0,647.0,51140.0,12.7,0.366,31.0,0
32638.0,686.0,103836.0,0.1,0.598,35.0,1
35207.0,609.0,132417.0,4.0,0.776,27.0,1
85497.0,634.0,82091.0,6.7,0.374,36.0,0
80105.0,634.0,74635.0,3.3,0.528,38.0,0
64480.0,590.0,193704.0,0.4,0.422,45.0,1
29985.0,636.0,82781.0,18.0,0.434,50.0,0
42515.0,526.0,113422.0,3.6,0.376,30.0,1
84617.0,611.0,230693.0,4.8,0.404,21.0,0
52249.0,627.0,101227.0,1.3,0.445,38.0,1
139204.0,630.0,258044.0,3.3,0.276,41.0,0
58512.0,631.0,103630.0,2.8,0.35,41.0,0
53446.0,645.0,31696.0,0.4,0.344,34.0,0
42655.0,688.0,105866.0,0.6,0.45,39.0,0
52057.0,720.0,68512.0,9.1,0.146,55.0,1
45770.0,598.0,94551.0,1.4,0.375,42.0,1
67417.0,554.0,153592.0,1.1,0.697,34.0,1
75396.0,567.0,153444.0,3.5,0.577,32.0,0
34417.0,611.0,37643.0,7.3,0.577,36.0,1
26929.0,622.0,31302.0,0.3,0.371,56.0,1
21455.0,588.0,19953.0,4.3,0.437,36.0,0
61611.0,546.0,71008.0,0.6,0.565,38.0,1
29836.0,614.0,105591.0,0.2,0.607,33.0,1
18605.0,665.0,10646.0,0.3,0.048,50.0,0
58388.0,698.0,49520.0,9.0,0.123,60.0,0
150520.0,605.0,349349.0,0.6,0.574,43.0,1
48887.0,617.0,91999.0,0.2,0.329,39.0,1
71491.0,576.0,56658.0,2.9,0.296,38.0,1
50860.0,647.0,96462.0,9.3,0.163,21.0,0
46887.0,582.0,104994.0,1.5,0.309,46.0,1
74131.0,696.0,57623.0,2.7,0.111,39.0,0
43018.0,507.0,71103.0,0.2,0.753,43.0,1
55289.0,621.0,151729.0,3.0,0.365,30.0,1
56657.0,674.0,134564.0,4.3,0.326,34.0,0
36292.0,665.0,83822.0,4.2,0.429,33.0,1
76605.0,850.0,52395.0,2.0,0.369,49.0,0
45309.0,678.0,75243.0,1.9,0.474,34.0,1
34889.0,570.0,76906.0,0.6,0.561,61.0,1
62407.0,642.0,51990.0,2.3,0.26,43.0,0
32718.0,508.0,52711.0,0.5,0.394,24.0,1
49646.0,644.0,106318.0,7.3,0.469,37.0,0
48820.0,583.0,58737.0,16.9,0.313,31.0,0
79910.0,723.0,177050.0,17.5,0.303,21.0,0
60695.0,606.0,163762.0,10.0,0.437,56.0,1
48472.0,641.0,68122.0,4.6,0.474,46.0,1
70827.0,599.0,131520.0,6.0,0.115,44.0,0
91637.0,789.0,67480.0,1.7,0.37,40.0,0
63008.0,624.0,152184.0,5.0,0.331,23.0,0
49250.0,797.0,41890.0,3.0,0.364,33.0,0
27165.0,715.0,19710.0,3.3,0.426,47.0,1
30354.0,689.0,74552.0,7.1,0.567,26.0,1
42730.0,679.0,81439.0,1.7,0.535,21.0,0
37262.0,682.0,116858.0,1.9,0.532,36.0,1
45065.0,496.0,80134.0,12.9,0.663,36.0,1
50287.0,628.0,61712.0,0.3,0.408,39.0,0
62216.0,718.0,99463.0,3.3,0.313,46.0,0
47490.0,646.0,84370.0,12.2,0.483,45.0,1
61018.0,538.0,93852.0,4.7,0.53,41.0,1
50464.0,646.0,102185.0,4.0,0.306,51.0,1
20152.0,786.0,44741.0,1.4,0.326,21.0,0
32122.0,750.0,74615.0,2.1,0.282,44.0,0
45943.0,645.0,111139.0,9.6,0.225,45.0,0
28442.0,726.0,36367.0,4.1,0.496,24.0,1
64213.0,621.0,143623.0,3.6,0.377,21.0,1
97620.0,514.0,194701.0,0.5,0.742,30.0,1
84833.0,576.0,139957.0,0.1,0.152,31.0,0
44531.0,775.0,59327.0,16.6,0.188,46.0,0
95878.0,628.0,277154.0,2.4,0.369,31.0,0
52412.0,631.0,137876.0,4.6,0.533,29.0,1
42121.0,626.0,124385.0,0.4,0.425,31.0,1
37196.0,802.0,86750.0,5.7,0.301,50.0,1
42783.0,780.0,82528.0,13.5,0.1,38.0,0
41164.0,828.0,69476.0,4.3,0.066,36.0,0
52928.0,637.0,87772.0,0.7,0.406,37.0,0
52694.0,674.0,43483.0,4.4,0.131,52.0,0
49088.0,529.0,66214.0,7.3,0.346,30.0,0
59672.0,768.0,31255.0,2.6,0.351,52.0,0
83767.0,557.0,130548.0,10.6,0.261,40.0,0
75154.0,667.0,156310.0,5.2,0.58,36.0,1
25129.0,562.0,54149.0,11.5,0.588,66.0,1
15533.0,603.0,33908.0,4.9,0.144,26.0,1
74641.0,583.0,176706.0,0.7,0.252,34.0,0
26500.0,601.0,15277.0,1.9,0.038,24.0,1
44305.0,607.0,54162.0,1.1,0.26,48.0,1
28954.0,606.0,49336.0,12.0,0.492,57.0,1
21788.0,717.0,25838.0,7.1,0.246,56.0,0
62546.0,562.0,167740.0,5.6,0.474,51.0,1
68983.0,668.0,88733.0,1.8,0.111,36.0,0
37819.0,747.0,73643.0,1.0,0.409,34.0,1
15276.0,609.0,35887.0,7.1,0.292,21.0,1
38338.0,593.0,95229.0,3.2,0.388,60.0,1
58472.0,632.0,46018.0,1.3,0.348,43.0,0
25197.0,744.0,40315.0,4.8,0.1,33.0,0
53237.0,666.0,64895.0,0.2,0.167,53.0,0
48684.0,608.0,67533.0,2.0,0.522,27.0,1
63620.0,689.0,39195.0,3.2,0.386,42.0,0
51731.0,562.0,103334.0,0.8,0.563,36.0,1
31638.0,705.0,42379.0,20.9,0.365,45.0,1
83990.0,683.0,90163.0,1.2,0.351,37.0,0
45646.0,625.0,72129.0,0.7,0.106,22.0,0
48422.0,583.0,111655.0,1.1,0.351,39.0,1
32210.0,579.0,35467.0,7.3,0.39,50.0,1
40156.0,693.0,30457.0,2.8,0.616,38.0,1
32920.0,748.0,85587.0,4.2,0.392,47.0,1
45350.0,599.0,28857.0,0.1,0.612,26.0,1
105902.0,687.0,306087.0,0.2,0.417,38.0,0
26440.0,483.0,51843.0,3.0,0.348,31.0,1
23716.0,603.0,30841.0,8.5,0.397,46.0,1
95037.0,648.0,104700.0,10.8,0.387,38.0,0
44614.0,577.0,19922.0,0.5,0.255,46.0,1
36276.0,575.0,37091.0,3.9,0.339,50.0,1
78273.0,597.0,62950.0,12.2,0.353,46.0,1
37327.0,673.0,89146.0,2.5,0.576,41.0,1
111492.0,635.0,66128.0,8.8,0.047,27.0,0
66507.0,471.0,150561.0,0.7,0.643,38.0,1
39357.0,480.0,71174.0,13.7,0.316,32.0,1
129416.0,601.0,124805.0,7.0,0.175,34.0,1
37325.0,687.0,24218.0,14.2,0.504,34.0,0
68456.0,430.0,48609.0,5.6,0.597,27.0,1
56088.0,610.0,36917.0,2.3,0.563,21.0,0
88061.0,608.0,226685.0,13.9,0.496,31.0,0
98981.0,761.0,152481.0,1.6,0.59,40.0,0
49732.0,619.0,130442.0,2.0,0.453,23.0,1
34925.0,681.0,50050.0,6.0,0.307,38.0,0
60294.0,661.0,97876.0,7.2,0.394,59.0,0
36135.0,480.0,80053.0,13.3,0.643,49.0,1
121300.0,711.0,220030.0,1.1,0.195,56.0,0
52127.0,667.0,51922.0,8.0,0.241,42.0,0
41590.0,691.0,29366.0,6.7,0.278,51.0,1
53269.0,850.0,62425.0,0.3,0.02,30.0,0
26737.0,483.0,37863.0,2.4,0.475,31.0,1
31659.0,788.0,31528.0,1.7,0.02,21.0,0
84136.0,627.0,173217.0,1.8,0.372,51.0,0
36476.0,673.0,67438.0,20.4,0.465,55.0,1
30604.0,646.0,55275.0,5.1,0.281,32.0,0
62411.0,616.0,141983.0,6.3,0.623,35.0,1
83581.0,604.0,149128.0,18.8,0.159,30.0,1
67747.0,676.0,170653.0,2.4,0.512,42.0,1
76743.0,529.0,158768.0,8.1,0.527,50.0,1
34872.0,710.0,50193.0,2.9,0.055,21.0,0
25853.0,617.0,95576.0,10.2,0.777,43.0,1
96336.0,560.0,151811.0,1.0,0.397,35.0,1
42395.0,614.0,54611.0,14.8,0.241,39.0,0
43788.0,751.0,71365.0,1.2,0.076,43.0,0
89115.0,607.0,164540.0,2.0,0.344,36.0,0
62963.0,679.0,38946.0,7.1,0.313,37.0,0
60183.0,592.0,164637.0,2.5,0.402,36.0,0
129865.0,711.0,64994.0,4.7,0.267,49.0,0
36696.0,705.0,87937.0,2.9,0.411,43.0,0
74424.0,798.0,142611.0,6.8,0.199,40.0,0
50295.0,636.0,96930.0,1.3,0.069,24.0,0
55319.0,703.0,31426.0,0.3,0.294,34.0,1
97520.0,658.0,120449.0,1.8,0.02,48.0,0
61607.0,754.0,90729.0,3.2,0.338,38.0,0
62457.0,592.0,69519.0,0.9,0.239,45.0,0
79430.0,710.0,54033.0,2.2,0.337,57.0,1
41596.0,634.0,91749.0,2.6,0.557,49.0,1
33602.0,645.0,46257.0,0.3,0.211,39.0,0
30633.0,657.0,25763.0,4.4,0.505,32.0,1
20234.0,670.0,35855.0,10.8,0.272,21.0,0
123660.0,641.0,353411.0,0.8,0.619,36.0,1
29839.0,667.0,63821.0,4.6,0.284,34.0,1
44375.0,776.0,91360.0,5.5,0.145,42.0,0
43279.0,729.0,66195.0,2.7,0.404,36.0,1
56293.0,720.0,136502.0,6.0,0.241,34.0,0
70762.0,614.0,159560.0,2.6,0.247,21.0,0
72201.0,579.0,82700.0,3.5,0.323,28.0,1
37708.0,726.0,30331.0,0.0,0.296,43.0,1
45469.0,720.0,79993.0,5.9,0.508,57.0,1
55668.0,768.0,51935.0,5.4,0.02,37.0,0
43831.0,602.0,83612.0,0.2,0.384,42.0,0
101043.0,632.0,208816.0,2.3,0.455,48.0,1
61141.0,519.0,154064.0,19.3,0.461,29.0,0
68234.0,619.0,141211.0,2.7,0.566,42.0,1
66059.0,730.0,44754.0,3.5,0.289,30.0,0
83122.0,613.0,207964.0,12.0,0.346,48.0,0
53181.0,701.0,68237.0,6.3,0.407,40.0,0
27349.0,635.0,78035.0,4.4,0.374,41.0,1
58680.0,676.0,40813.0,8.0,0.275,29.0,0
36567.0,558.0,114863.0,10.0,0.485,46.0,1
38643.0,657.0,23837.0,3.1,0.248,61.0,0
63823.0,411.0,69317.0,3.2,0.408,27.0,1
85582.0,635.0,46434.0,2.4,0.28,34.0,0
49492.0,520.0,138250.0,17.0,0.634,41.0,1
56330.0,746.0,91702.0,6.0,0.02,47.0,0
105450.0,712.0,162221.0,0.4,0.37,32.0,0
54630.0,687.0,143618.0,9.9,0.332,21.0,0
158064.0,772.0,194191.0,3.3,0.022,53.0,0
63227.0,574.0,136956.0,0.4,0.444,46.0,1
22196.0,790.0,54181.0,4.0,0.334,21.0,0
68803.0,725.0,84756.0,2.7,0.392,31.0,0
58193.0,631.0,49994.0,10.5,0.02,55.0,0
87587.0,741.0,265943.0,1.1,0.498,54.0,0
66365.0,561.0,163422.0,8.8,0.295,48.0,1
46060.0,584.0,148234.0,4.1,0.494,36.0,1
28256.0,601.0,84963.0,0.3,0.492,39.0,1
44620.0,608.0,30856.0,17.9,0.245,37.0,0
33432.0,565.0,94281.0,3.6,0.502,50.0,1
37751.0,748.0,47829.0,1.7,0.231,28.0,0
63886.0,629.0,124049.0,3.2,0.052,29.0,0
103928.0,678.0,193456.0,9.8,0.508,49.0,0
58548.0,604.0,95141.0,1.8,0.262,38.0,1
28620.0,504.0,47665.0,1.1,0.313,53.0,1
59878.0,672.0,68420.0,0.7,0.276,31.0,0
83993.0,497.0,62742.0,1.8,0.486,37.0,1
37257.0,645.0,96423.0,7.6,0.345,28.0,0
46152.0,541.0,127330.0,3.2,0.501,38.0,1
49346.0,809.0,27214.0,1.3,0.05,22.0,0
34434.0,723.0,66685.0,0.9,0.193,33.0,0
65626.0,658.0,125644.0,2.0,0.327,22.0,0
46424.0,751.0,82822.0,14.1,0.571,46.0,0
59207.0,582.0,65539.0,2.1,0.375,46.0,1
32880.0,693.0,94568.0,22.2,0.486,21.0,1
40261.0,666.0,85695.0,3.3,0.346,53.0,1
67851.0,671.0,109619.0,1.0,0.264,65.0,1
41449.0,752.0,71254.0,11.1,0.249,39.0,0
106631.0,709.0,68910.0,3.1,0.288,31.0,0
40952.0,673.0,70798.0,6.2,0.426,69.0,0
54236.0,518.0,66137.0,20.6,0.639,23.0,1
74583.0,573.0,80102.0,0.3,0.452,38.0,1
25893.0,640.0,63237.0,0.5,0.534,40.0,1
22195.0,657.0,49367.0,6.4,0.201,53.0,1
24673.0,560.0,35167.0,1.7,0.344,42.0,1
86523.0,843.0,63571.0,1.0,0.121,33.0,0
38241.0,771.0,74760.0,0.2,0.321,28.0,0
155001.0,698.0,359488.0,0.1,0.266,34.0,0
38028.0,656.0,95194.0,7.4,0.456,27.0,1
53266.0,633.0,116839.0,0.7,0.221,39.0,1
98120.0,574.0,181409.0,3.2,0.404,32.0,0
120903.0,656.0,301853.0,4.7,0.449,22.0,1
123955.0,671.0,66108.0,2.8,0.027,52.0,0
84437.0,551.0,153969.0,0.1,0.73,33.0,1
77717.0,677.0,102039.0,7.7,0.291,24.0,0
64000.0,638.0,74431.0,0.1,0.054,36.0,0
